file,group,status,defaultGameKeeArticles,availableFromGameKeeArticles
Airi.glb,Airi,student-default,66274,66274;620813
Airi (Band).glb,Airi,student-default,620813,66274;620813
Akane.glb,Akane,student-default,66752,66752;168947;645973
Akane (Bunny Girl).glb,Akane,student-default,168947,66752;168947;645973
Akane (School Uniform).glb,Akane,student-default,645973,66752;168947;645973
Akari.glb,Akari,student-default,62126,62126;615923
Akari (New Year).glb,Akari,student-default,615923,62126;615923
Ako.glb,Ako,student-default,150113,150113;611610
Ako (Dress).glb,Ako,student-default,611610,150113;611610
Aoba.glb,Aoba,student-default,656711,656711
Arisu.glb,Arisu,student-default,72904,72904;589642;690586
Arisu (Battle).glb,Arisu,student-default,690586,72904;589642;690586
Arisu (Battle) (Carrier).glb,Arisu,family-alternative,,72904;589642;690586
Arisu (Battle) (Scenario).glb,Arisu,family-alternative,,72904;589642;690586
Arisu (Maid).glb,Arisu,student-default,589642,72904;589642;690586
Aru.glb,Aru,student-default,57763,57763;150220;614734
Aru (Dress).glb,Aru,student-default,614734,57763;150220;614734
Aru (New Year).glb,Aru,student-default,150220,57763;150220;614734
Asuna.glb,Asuna,student-default,66646,66646;89742;645821
Asuna (Bunny Girl).glb,Asuna,student-default,89742,66646;89742;645821
Asuna (School Uniform).glb,Asuna,student-default,645821,66646;89742;645821
Atsuko.glb,Atsuko,student-default,158662,158662;618996
Atsuko (Swimsuit).glb,Atsuko,student-default,618996,158662;618996
Ayane.glb,Ayane,student-default,46923,46923;160191
Ayane (Swimsuit).glb,Ayane,student-default,160191,46923;160191
Azusa.glb,Azusa,student-default,77111,77111;81811
Azusa (Swimsuit).glb,Azusa,student-default,81811,77111;81811
Cherino.glb,Cherino,student-default,75150,75150;150144
Cherino (Hot Spring).glb,Cherino,student-default,150144,75150;150144
Chiaki.glb,Chiaki,student-default,71742,71742
Chihiro.glb,Chihiro,student-default,150698,150698
Chinatsu.glb,Chinatsu,student-default,58280,58280;150145
Chinatsu (Hot Spring).glb,Chinatsu,student-default,150145,58280;150145
Chise.glb,Chise,student-default,68284,68284;162817
Chise (Swimsuit).glb,Chise,student-default,162817,68284;162817
Eimi.glb,Eimi,student-default,68820,68820;607106;690663
Eimi (Battle).glb,Eimi,student-default,690663,68820;607106;690663
Eimi (Battle) (Carrier).glb,Eimi,family-alternative,,68820;607106;690663
Eimi (Battle) (Scenario).glb,Eimi,family-alternative,,68820;607106;690663
Eimi (Swimsuit).glb,Eimi,student-default,607106,68820;607106;690663
Eri.glb,Eri,student-default,674546,674546
Erika.glb,Erika,student-default,161225,161225
Fubuki.glb,Fubuki,student-default,150694,150694;617235
Fubuki (Swimsuit).glb,Fubuki,student-default,617235,150694;617235
Fuuka.glb,Fuuka,student-default,64384,64384;579686
Fuuka (New Year).glb,Fuuka,student-default,579686,64384;579686
Fuyu.glb,Fuyu,student-default,677898,677898
Hanae.glb,Hanae,student-default,68915,68915;578738
Hanae (Christmas).glb,Hanae,student-default,578738,68915;578738
Hanako.glb,Hanako,student-default,77113,77113;596034
Hanako (Swimsuit).glb,Hanako,student-default,596034,77113;596034
Hare.glb,Hare,student-default,67140,67140;609143
Hare (Camping).glb,Hare,student-default,609143,67140;609143
Haruka.glb,Haruka,student-default,53921,53921;586545;614737
Haruka (Dress).glb,Haruka,student-default,614737,53921;586545;614737
Haruka (New Year).glb,Haruka,student-default,586545,53921;586545;614737
Haruna.glb,Haruna,student-default,62592,62592;578165;579682
Haruna (New Year).glb,Haruna,student-default,579682,62592;578165;579682
Haruna (Sportswear).glb,Haruna,student-default,578165,62592;578165;579682
Hasumi.glb,Hasumi,student-default,66394,66394;170322;671015
Hasumi (Sportswear).glb,Hasumi,student-default,170322,66394;170322;671015
Hasumi (Swimsuit).glb,Hasumi,student-default,671015,66394;170322;671015
Hatsune Miku.glb,Hatsune Miku,student-default,90749,90749
Hibiki.glb,Hibiki,student-default,67657,67657;168196
Hibiki (Cheerleader).glb,Hibiki,student-default,168196,67657;168196
Hifumi.glb,Hifumi,student-default,66256,66256;83596
Hifumi (Swimsuit).glb,Hifumi,student-default,83596,66256;83596
Hikari.glb,Hikari,student-default,656706,656706
Himari.glb,Himari,student-default,575949,575949;690585
Himari (Battle).glb,Himari,student-default,690585,575949;690585
Hina.glb,Hina,student-default,59934,59934;83729;611753
Hina (Dress).glb,Hina,student-default,611753,59934;83729;611753
Hina (Swimsuit).glb,Hina,student-default,83729,59934;83729;611753
Hinata.glb,Hinata,student-default,151348,151348;595935
Hinata (Swimsuit).glb,Hinata,student-default,595935,151348;595935
Hiyori.glb,Hiyori,student-default,156962,156962;606282
Hiyori (Swimsuit).glb,Hiyori,student-default,606282,156962;606282
Hoshino.glb,Hoshino,student-default,46680,46680;162560;597535;621572
Hoshino (Battle).glb,Hoshino,student-default,597535;621572,46680;162560;597535;621572
Hoshino (Swimsuit).glb,Hoshino,student-default,162560,46680;162560;597535;621572
Ibuki.glb,Ibuki,student-default,611643,611643
Ichika.glb,Ichika,student-default,164610,164610;671014
Ichika (Swimsuit).glb,Ichika,student-default,671014,164610;671014
Iori.glb,Iori,student-default,59300,59300;83867
Iori (Swimsuit).glb,Iori,student-default,83867,59300;83867
Iroha.glb,Iroha,student-default,155254,155254
Izumi.glb,Izumi,student-default,61498,61498;83936;650981
Izumi (New Year).glb,Izumi,student-default,650981,61498;83936;650981
Izumi (Swimsuit).glb,Izumi,student-default,83936,61498;83936;650981
Izuna.glb,Izuna,student-default,70510,70510;162985
Izuna (Swimsuit).glb,Izuna,student-default,162985,70510;162985
Junko.glb,Junko,student-default,60879,60879;579691
Junko (New Year).glb,Junko,student-default,579691,60879;579691
Juri.glb,Juri,student-default,63927,63927;649361
Juri (Part-Timer).glb,Juri,student-default,649361,63927;649361
Kaede.glb,Kaede,student-default,155250,155250
Kaho.glb,Kaho,student-default,588062,588062
Kanna.glb,Kanna,student-default,582123,582123;616810
Kanna (Swimsuit).glb,Kanna,student-default,616810,582123;616810
Kanoe.glb,Kanoe,student-default,674557,674557
Karin.glb,Karin,student-default,67011,67011;89275;645822
Karin (Bunny Girl).glb,Karin,student-default,89275,67011;89275;645822
Karin (School Uniform).glb,Karin,student-default,645822,67011;89275;645822
Kasumi.glb,Kasumi,student-default,169361,169361
Kayoko.glb,Kayoko,student-default,56393,56393;586470;614736
Kayoko (Dress).glb,Kayoko,student-default,614736,56393;586470;614736
Kayoko (New Year).glb,Kayoko,student-default,586470,56393;586470;614736
Kazusa.glb,Kazusa,student-default,165671,165671;620843
Kazusa (Band).glb,Kazusa,student-default,620843,165671;620843
Kei.glb,Kei,student-default,690582,690582
Kei (Carrier 2).glb,Kei,family-alternative,,690582
Kei (Carrier).glb,Kei,family-alternative,,690582
Kei (Prototype).glb,Kei,family-alternative,,690582
Kei (Scenario 1).glb,Kei,family-alternative,,690582
Kei (Scenario 2).glb,Kei,family-alternative,,690582
Kikyou.glb,Kikyou,student-default,605895,605895;667849
Kikyou (Swimsuit).glb,Kikyou,student-default,667849,605895;667849
Kirara.glb,Kirara,student-default,578163,578163
Kirino.glb,Kirino,student-default,86655,86655;617236
Kirino (Swimsuit).glb,Kirino,student-default,617236,86655;617236
Kisaki.glb,Kisaki,student-default,68993,68993;709615
Kisaki (Swimsuit).glb,Kisaki,student-default,709615,68993;709615
Koharu.glb,Koharu,student-default,78300,78300;595927
Koharu (Swimsuit).glb,Koharu,student-default,595927,78300;595927
Kokona.glb,Kokona,student-default,167809,167809
Konoka.glb,Konoka,student-default,625765,625765
Kotama.glb,Kotama,student-default,67035,67035;609145
Kotama (Camping).glb,Kotama,student-default,609145,67035;609145
Kotori.glb,Kotori,student-default,67655,67655;168823
Kotori (Cheerleader).glb,Kotori,student-default,168823,67655;168823
Koyuki.glb,Koyuki,student-default,585462,585462;643792
Koyuki (Pajama).glb,Koyuki,student-default,643792,585462;643792
Kurumi.glb,Kurumi,student-default,591006,591006
Maki.glb,Maki,student-default,67654,67654;647136
Maki (Camping).glb,Maki,student-default,647136,67654;647136
Makoto.glb,Makoto,student-default,611604,611604
Mari.glb,Mari,student-default,90627,68790;90627;170297
Mari (Idol).glb,Mari,student-default,68790,68790;90627;170297
Mari (Sportswear).glb,Mari,student-default,170297,68790;90627;170297
Marina.glb,Marina,student-default,151713,71724;151713
Marina (Qipao).glb,Marina,student-default,71724,71724;151713
Mashiro.glb,Mashiro,student-default,69549,69549;81812
Mashiro (Swimsuit).glb,Mashiro,student-default,81812,69549;81812
Material Development Club Member.glb,Material Development Club Member,explicitly-unbound,,
Megu.glb,Megu,student-default,582116,582116
Meru.glb,Meru,student-default,161230,161230
Michiru.glb,Michiru,student-default,155255,155255;686689
Michiru (Dress).glb,Michiru,student-default,686689,155255;686689
Midori.glb,Midori,student-default,68802,68802;590231
Midori (Battle).glb,Midori,family-alternative,,68802;590231
Midori (Maid).glb,Midori,student-default,590231,68802;590231
Mika.glb,Mika,student-default,581679,581679;671319
Mika (Cut-in).glb,Mika,family-alternative,,581679;671319
Mika (Swimsuit).glb,Mika,student-default,671319,581679;671319
Mimori.glb,Mimori,student-default,151016,151016;164191
Mimori (Swimsuit).glb,Mimori,student-default,164191,151016;164191
Mina.glb,Mina,student-default,591329,591329
Mine.glb,Mine,student-default,580732,68785;580732
Mine (Idol).glb,Mine,student-default,68785,68785;580732
Minori.glb,Minori,student-default,592325,592325
Misaka Mikoto.glb,Misaka Mikoto,student-default,603133,603133
Misaki.glb,Misaki,student-default,156959,156959;628806
Misaki (Swimsuit).glb,Misaki,student-default,628806,156959;628806
Miyako.glb,Miyako,student-default,153368,153368;593095
Miyako (Swimsuit).glb,Miyako,student-default,593095,153368;593095
Miyo.glb,Miyo,student-default,674785,674785
Miyu.glb,Miyu,student-default,153606,153606;593097
Miyu (Swimsuit).glb,Miyu,student-default,593097,153606;593097
Moe.glb,Moe,student-default,165669,164332;165669
Moe (Swimsuit).glb,Moe,student-default,164332,164332;165669
Momiji.glb,Momiji,student-default,161228,161228
Momoi.glb,Momoi,student-default,68801,68801;590230
Momoi (Battle).glb,Momoi,family-alternative,,68801;590230
Momoi (Maid).glb,Momoi,student-default,590230,68801;590230
Mutsuki.glb,Mutsuki,student-default,54505,54505;150223;614735
Mutsuki (Dress).glb,Mutsuki,student-default,614735,54505;150223;614735
Mutsuki (New Year).glb,Mutsuki,student-default,150223,54505;150223;614735
Nagisa.glb,Nagisa,student-default,584418,584418;671362
Nagisa (Swimsuit).glb,Nagisa,student-default,671362,584418;671362
Nagusa.glb,Nagusa,student-default,661924,661924;667917
Nagusa (Cut-in).glb,Nagusa,family-alternative,,661924;667917
Nagusa (Swimsuit).glb,Nagusa,student-default,667917,661924;667917
Natsu.glb,Natsu,student-default,90626,90626;664782
Natsu (Band).glb,Natsu,student-default,664782,90626;664782
Natsu (Band) (No Weapon).glb,Natsu,family-alternative,,90626;664782
Neru.glb,Neru,student-default,67012,67012;89274;645823
Neru (Bunny Girl).glb,Neru,student-default,89274,67012;89274;645823
Neru (School Uniform).glb,Neru,student-default,645823,67012;89274;645823
Niko.glb,Niko,student-default,161248,161248
Niya.glb,Niya,student-default,661923,661923
Noa.glb,Noa,student-default,168193,168193;643621
Noa (Pajama).glb,Noa,student-default,643621,168193;643621
Nodoka.glb,Nodoka,student-default,75151,75151;150174
Nodoka (Hot Spring).glb,Nodoka,student-default,150174,75151;150174
Nonomi.glb,Nonomi,student-default,68803,68803;159935
Nonomi (Swimsuit).glb,Nonomi,student-default,159935,68803;159935
Nozomi.glb,Nozomi,student-default,656708,656708
Otogi.glb,Otogi,student-default,591005,591005
Pina.glb,Pina,student-default,68176,68176;660801
Pina (Guide).glb,Pina,student-default,660801,68176;660801
Rabu.glb,Rabu,student-default,161252,161252
Rei.glb,Rei,student-default,652656,652656
Reijo.glb,Reijo,student-default,71734,71734
Reisa.glb,Reisa,student-default,165751,165751;680454
Reisa (Magical).glb,Reisa,student-default,680454,165751;680454
Rena.glb,Rena,student-default,674784,674784
Renge.glb,Renge,student-default,605892,605892;667850
Renge (Swimsuit).glb,Renge,student-default,667850,605892;667850
Rio.glb,Rio,student-default,645824,645824;690584
Rio (Battle).glb,Rio,student-default,690584,645824;690584
Rio (Battle) (Scenario).glb,Rio,family-alternative,,645824;690584
Ritsu.glb,Ritsu,student-default,677904,677904
Rumi.glb,Rumi,student-default,591327,591327
Saki.glb,Saki,student-default,153367,153367;593096
Saki (Swimsuit).glb,Saki,student-default,593096,153367;593096
Sakurako.glb,Sakurako,student-default,583291,68786;583291
Sakurako (Idol).glb,Sakurako,student-default,68786,68786;583291
Saori.glb,Saori,student-default,164453,164453;598017;654558
Saori (Dress).glb,Saori,student-default,654558,164453;598017;654558
Saori (Dress) (Cafe).glb,Saori,family-alternative,,164453;598017;654558
Saori (Swimsuit).glb,Saori,student-default,598017,164453;598017;654558
Saten Ruiko.glb,Saten Ruiko,student-default,603140,603140
Satsuki.glb,Satsuki,student-default,71740,71740
Saya.glb,Saya,student-default,68521,68521;87912
Saya (Casual).glb,Saya,student-default,87912,68521;87912
Seia.glb,Seia,student-default,645820,645820;671018
Seia (Swimsuit).glb,Seia,student-default,671018,645820;671018
Sena.glb,Sena,student-default,150696,150696;649353
Sena (Casual).glb,Sena,student-default,649353,150696;649353
Serika.glb,Serika,student-default,46678,46678;150380;161197
Serika (New Year).glb,Serika,student-default,150380,46678;150380;161197
Serika (Swimsuit).glb,Serika,student-default,161197,46678;150380;161197
Serina.glb,Serina,student-default,66275,66275;578734
Serina (Christmas).glb,Serina,student-default,578734,66275;578734
Shigure.glb,Shigure,student-default,577249,161204;577249
Shigure (Hot Spring).glb,Shigure,student-default,161204,161204;577249
Shimiko.glb,Shimiko,student-default,66269,66269
Shiroko.glb,Shiroko,student-default,46677,46677;85351;161196
Shiroko (Riding).glb,Shiroko,student-default,85351,46677;85351;161196
Shiroko (Swimsuit).glb,Shiroko,student-default,161196,46677;85351;161196
Shiroko＊Terror.glb,Shiroko＊Terror,student-default,162557,162557
Shizuko.glb,Shizuko,student-default,70511,70511;162572
Shizuko (Swimsuit).glb,Shizuko,student-default,162572,70511;162572
Shokuhou Misaki.glb,Shokuhou Misaki,student-default,603139,603139
Shun.glb,Shun,student-default,68522,68522;86656;709616;709617
Shun (Kid).glb,Shun,student-default,86656,68522;86656;709616;709617
Shun (Swimsuit) (1).glb,Shun,student-default,709616,68522;86656;709616;709617
Shun (Swimsuit) (2).glb,Shun,student-default,709617,68522;86656;709616;709617
Subaru.glb,Subaru,student-default,677499,677499
Sumire.glb,Sumire,student-default,67664,67664;652654
Sumire (Part-Timer).glb,Sumire,student-default,652654,67664;652654
Suzumi.glb,Suzumi,student-default,66259,66259;680458
Suzumi (Magical).glb,Suzumi,student-default,680458,66259;680458
Takane.glb,Takane,student-default,598111,598111
Toki.glb,Toki,student-default,584417,584417;589647;690587
Toki (Battle).glb,Toki,student-default,690587,584417;589647;690587
Toki (Battle) (Scenario).glb,Toki,family-alternative,,584417;589647;690587
Toki (Bunny Girl).glb,Toki,student-default,589647,584417;589647;690587
Toki (Cafe).glb,Toki,family-alternative,,584417;589647;690587
Tomoe.glb,Tomoe,student-default,161281,69000;161281
Tomoe (Qipao).glb,Tomoe,student-default,69000,69000;161281
Tsubaki.glb,Tsubaki,student-default,68177,68177;618557
Tsubaki (Guide).glb,Tsubaki,student-default,618557,68177;618557
Tsukuyo.glb,Tsukuyo,student-default,155968,155968;686688
Tsukuyo (Dress).glb,Tsukuyo,student-default,686688,155968;686688
Tsurugi.glb,Tsurugi,student-default,66645,66645;81813
Tsurugi (Swimsuit).glb,Tsurugi,student-default,81813,66645;81813
Ui.glb,Ui,student-default,151345,151345;595933
Ui (Swimsuit).glb,Ui,student-default,595933,151345;595933
Umika.glb,Umika,student-default,618563,618563
Utaha.glb,Utaha,student-default,67656,67656;168189
Utaha (Cheerleader).glb,Utaha,student-default,168189,67656;168189
Wakamo.glb,Wakamo,student-default,150695,150695;159948
Wakamo (Swimsuit).glb,Wakamo,student-default,159948,150695;159948
Yakumo.glb,Yakumo,student-default,598110,598110
Yoshimi.glb,Yoshimi,student-default,66272,66272;620883
Yoshimi (Band).glb,Yoshimi,student-default,620883,66272;620883
Yukari.glb,Yukari,student-default,604513,604513;667848
Yukari (Swimsuit).glb,Yukari,student-default,667848,604513;667848
Yuuka.glb,Yuuka,student-default,67658,67658;170295;643617
Yuuka (Pajama).glb,Yuuka,student-default,643617,67658;170295;643617
Yuuka (Sportswear).glb,Yuuka,student-default,170295,67658;170295;643617
Yuzu.glb,Yuzu,student-default,77109,77109;589650;690661
Yuzu (Battle).glb,Yuzu,student-default,690661,77109;589650;690661
Yuzu (Battle) (Carrier).glb,Yuzu,family-alternative,,77109;589650;690661
Yuzu (Battle) (Cut-in).glb,Yuzu,family-alternative,,77109;589650;690661
Yuzu (Maid).glb,Yuzu,student-default,589650,77109;589650;690661
ladies_biker_ar.glb,ladies_biker_ar,explicitly-unbound,,
ladies_biker_mg.glb,ladies_biker_mg,explicitly-unbound,,
ladies_biker_sg.glb,ladies_biker_sg,explicitly-unbound,,
ladiesboss_biker_ar.glb,ladiesboss_biker_ar,explicitly-unbound,,
sm030001.glb,sm030001,family-alternative,,605895;667849
sm032601.glb,sm032601,family-alternative,,165751;680454
st0004.glb,st0004,family-alternative,,68801;590230
st0005.glb,st0005,family-alternative,,68802;590231
